Suburb,Longitude,Latitude
Krowor,-0.093705596812554,5.585818386210036
Accra,-0.20756744719199025,5.5497990621556434
GaCentral,-0.34727518336589375,5.597205175190836
AdaEast,0.5807088132057758,5.917628926806287
Ningo-Prampram,0.08327754557288884,5.720650049562303
Ashaiman,-0.02383932845801997,5.696643948084638
AyawasoCentral,-0.19906150170080322,5.581087710687755
Krowor,-0.09141059216435456,5.607966160619293
Accra,-0.21393288311479003,5.536390030835918
AyawasoWest,-0.17882559613542515,5.661236348403739
Tema,-0.019969197393527247,5.647442856207206
GaCentral,-0.26711634514520016,5.615839051044989
AyawasoCentral,-0.204373615811049,5.579214411737952
Accra,-0.20297117879910279,5.545329914834893
AdaWest,0.3561282469807718,5.843081355386124
Ledzokuku,-0.10921548637278877,5.621484435625578
AyawasoNorth,-0.21520469978430312,5.606307113150024
AblekumaCentral,-0.2422096253359405,5.570559807600405
GaCentral,-0.30350712554421694,5.619074041772575
GaEast,-0.20634641893211944,5.750006866335375
Tema,-0.019914828395450456,5.620250995955302
GaEast,-0.20280459420376432,5.701104144756831
AblekumaCentral,-0.22152871410030775,5.554650900305024
GaEast,-0.1940230382774288,5.759023554700636
Accra,-0.21783696867864735,5.533911498251143
AdaEast,0.506724324744352,5.942783213498989
GaEast,-0.220486117146672,5.65628534963502
GaWest,-0.3515294297698505,5.642855665553194
Ashaiman,-0.028069870680758006,5.689282512409844
AblekumaNorth,-0.2641535724609406,5.603122582844531
AblekumaWest,-0.27435928147543337,5.548956149568619
Ledzokuku,-0.11170818812914736,5.622670108509107
Accra,-0.21178791997579188,5.5519954169762835
AyawasoCentral,-0.20609096865139095,5.5835566397618885
ShaiOsudoku,-0.01792393002703371,5.837225518204841
Krowor,-0.07972338849249513,5.614303469241667
AyawasoEast,-0.19878338517952965,5.590659184264564
TemaWest,-0.07527553446688602,5.640818297308196
GaSouth,-0.42434869529150676,5.696248553981942
AyawasoEast,-0.1998951997050188,5.590814017267534
TemaWest,-0.04816217582998984,5.684531978455624
AyawasoEast,-0.19834397117030927,5.595087249893083
AblekumaCentral,-0.23794702687142227,5.543101301903834
WeijaGbawe,-0.3355140817126747,5.560364186495539
GaEast,-0.22727999282736044,5.73277521772644
La-Nkwantanang-Madina,-0.1648287987879095,5.741461191047638
AyawasoWest,-0.145312652592782,5.613211659216829
GaCentral,-0.3450769907466366,5.602002977105707
GaSouth,-0.4119195935070192,5.64527461758655
AblekumaNorth,-0.217170145281693,5.572970852735054
Tema,-0.0235270014951637,5.673866135459041
GaNorth,-0.32621889069385873,5.760026116078211
GaEast,-0.2025278515954169,5.761729911473167
Ledzokuku,-0.13039116744678728,5.613924413860386
GaNorth,-0.3156463541874324,5.754115738876384
AdaWest,0.5023278665149814,5.9612334165601295
Kpone-Katamanso,-0.11467581358004139,5.790381918484897
GaNorth,-0.3288730303684069,5.768837612981262
AblekumaNorth,-0.2760823744920593,5.5698019031604336
TemaWest,-0.052572783317938736,5.611085056140854
AyawasoEast,-0.19129030104935427,5.5748517399391835
GaNorth,-0.24383056745745751,5.772966794487767
WeijaGbawe,-0.4045931298165913,5.559649761126017
GaEast,-0.19429096888690672,5.667354735497537
Krowor,-0.06353132532724261,5.606940239845367
AdaWest,0.42174118214407735,5.937933705823071
AyawasoEast,-0.19185434822578398,5.606105526296921
Adenta,-0.15688826597890118,5.688215480740067
Ashaiman,-0.03675361508554242,5.683166485216058
Accra,-0.20474826012131175,5.547710919127046
AyawasoWest,-0.19111057146028163,5.6156605465851115
GaWest,-0.3093111385352093,5.6715408819589985
La-Dade-Kotopon,-0.16293952122911326,5.59689848988441
Kpone-Katamanso,-0.022247408546901486,5.753508225160402
GaCentral,-0.349739507911455,5.588357078556754
AyawasoNorth,-0.197273869667208,5.608035396012203
WeijaGbawe,-0.3991645741172306,5.550720159789472
AyawasoCentral,-0.20204022914366448,5.585978941121491
Ashaiman,-0.053380609134917656,5.712733078649075
OkaikweiNorth,-0.2448941034343874,5.608385764629593
GaCentral,-0.327117643881207,5.620400990961526
Adenta,-0.1148478891358211,5.6933035883627605
Ashaiman,-0.04016353173277264,5.711054282315855
AblekumaNorth,-0.23515215952408094,5.583656379889068
ShaiOsudoku,-0.06482096334406064,5.860664264292318
Ledzokuku,-0.1004744052996193,5.5956497891276475
AdaEast,0.4926472078175817,5.871460307134211
La-Nkwantanang-Madina,-0.17145722561754811,5.686370149613058
AblekumaCentral,-0.23943561517733317,5.5379208770696176
AyawasoWest,-0.16019662205215207,5.657927678691446
Krowor,-0.09046766387604488,5.5980974347020735
AdaWest,0.44996405762157615,5.948855548510743
Tema,-0.031154689020601752,5.65976810081364
TemaWest,-0.06973560863023479,5.634073818890116
GaNorth,-0.28134634381420004,5.6616096766241215
GaCentral,-0.3501306884216327,5.603288553366232
AyawasoWest,-0.20925652972277953,5.614925823102222
AdaWest,0.4768990263558269,5.84075588943074
AblekumaWest,-0.2191,5.539836063424305
La-Nkwantanang-Madina,-0.14900543853352216,5.781477299464237
Tema,-0.009635107178696482,5.63875217509336
Adenta,-0.13209057291395537,5.682220829623764
TemaWest,-0.04829881244410126,5.646386764367333
GaCentral,-0.2994314788954878,5.599529444211531
GaSouth,-0.4314161401290954,5.653898902609871
GaCentral,-0.2990235158959381,5.5945761383904
Ningo-Prampram,-0.06196244674502936,5.803478213461105
AblekumaCentral,-0.2371444036444058,5.561053171502626
Kpone-Katamanso,-0.06372021288687067,5.7660910776258145
AblekumaWest,-0.23285532943536202,5.535666216528595
Ashaiman,-0.015552188215405225,5.687034695286877
Ledzokuku,-0.12953959546222285,5.6038762224779735
WeijaGbawe,-0.3632018752119652,5.575612179765044
GaNorth,-0.2511823634503672,5.7768390155912
OkaikweiNorth,-0.22677442296633882,5.61561419671147
Ashaiman,-0.05349662427144095,5.704990873706296
AyawasoNorth,-0.2006882948622649,5.607366537459111
Ledzokuku,-0.11796398903681762,5.610523856065298
AblekumaNorth,-0.22719997404916853,5.595819235876221
Accra,-0.22034798113928475,5.540922308846916
Ningo-Prampram,-0.019122136962750662,5.834906302099136
WeijaGbawe,-0.36431503009252514,5.527710978814999
La-Dade-Kotopon,-0.14957448803074724,5.594214752393798
TemaWest,-0.06175874789649479,5.647145859777311
AdaEast,0.4934083210931959,5.874849864676265
Ningo-Prampram,-0.018413215643039348,5.759049968126918
La-Nkwantanang-Madina,-0.17444865673248938,5.802850579773555
Ashaiman,-0.04879013696907081,5.709956438904864
ShaiOsudoku,0.20499832515796462,5.941742223572051
GaSouth,-0.46436534990494266,5.697073438340967
AblekumaNorth,-0.23778739091194978,5.581415516865728
Ashaiman,-0.05243798197013667,5.704868460718075
La-Nkwantanang-Madina,-0.17099954708108675,5.80927658633368
AdaWest,0.49107787425576155,5.936101686558481
TemaWest,-0.06491260306087589,5.64823856665784
AblekumaWest,-0.26776786514745377,5.542796745398648
GaCentral,-0.35079384785054274,5.588901485036285
Tema,0.019659947939503666,5.654313235668349
AdaWest,0.4978311433295925,5.9865909679411855
Ashaiman,-0.045009451412993104,5.70789132968799
AblekumaWest,-0.26389138782297106,5.529960473309329
GaCentral,-0.29567648699420407,5.588206006769242
WeijaGbawe,-0.39954675588236815,5.590612669043682
ShaiOsudoku,-0.017773365827286947,5.91243703235522
GaEast,-0.2234820400696859,5.684475561063006
GaEast,-0.2263036346453107,5.6386105123606916
AblekumaNorth,-0.26726988174420946,5.603653743530972
Ashaiman,-0.04063720862233317,5.720509221192273
GaWest,-0.3315159779293734,5.649826670245705
GaEast,-0.19099990950365162,5.688180340919486
ShaiOsudoku,0.2200721349854974,6.084519733594601
Korle-Klottey,-0.18653686103542133,5.548703136167789
La-Nkwantanang-Madina,-0.14479480542381568,5.8078215419785
La-Nkwantanang-Madina,-0.1616252963524683,5.679398177641416
WeijaGbawe,-0.3096934718851785,5.571347172628831
Ashaiman,-0.042929540296453,5.688316439855234
GaEast,-0.20611056202125047,5.747968119132356
La-Dade-Kotopon,-0.16746108654879094,5.570415770638374
OkaikweiNorth,-0.25970608868984657,5.607703462294714
La-Nkwantanang-Madina,-0.17270256209119716,5.725475538224603
OkaikweiNorth,-0.22305986387666182,5.604541687039751
GaSouth,-0.40599591101806665,5.6570323506989
TemaWest,-0.05741073353872216,5.68605729686037
TemaWest,-0.08947083700998584,5.650461657475992
La-Nkwantanang-Madina,-0.19251143993475467,5.700999754860674
OkaikweiNorth,-0.2370796135443361,5.5959779919438155
GaWest,-0.44811543797646614,5.764284059235005
ShaiOsudoku,0.10618643073195393,6.052860652112883
TemaWest,-0.0595786775882764,5.678421981754344
AyawasoEast,-0.19413500003060133,5.5926571358103425
GaSouth,-0.49986730484209463,5.698128323914435
Ningo-Prampram,-0.013790603129327898,5.822900369979088
Tema,-0.007023089462095022,5.677215884290524
AyawasoNorth,-0.20205469228167233,5.60467722007645
Accra,-0.21839531335827658,5.547999173378582
GaSouth,-0.44202221764385247,5.661661037802615
WeijaGbawe,-0.3963528201710961,5.596329049040436
Ledzokuku,-0.13364503543881762,5.633706656119712
GaSouth,-0.43540393426760826,5.6537836377765505
Ashaiman,-0.024492178074346144,5.684866009883593
Ledzokuku,-0.10510225941869841,5.6196655405702085
AyawasoWest,-0.14625790804128397,5.630818117217142
GaEast,-0.1808706487902372,5.772116721708616
Ledzokuku,-0.0989575969581851,5.60592690311824
Kpone-Katamanso,-0.14601534030992952,5.837245784674552
Adenta,-0.11745397753960767,5.679975600953994
GaWest,-0.3693005333644053,5.726297992896769
AblekumaCentral,-0.2518669783326707,5.551671617095811
TemaWest,-0.07107454871198988,5.623090879408836
Korle-Klottey,-0.20128471547847715,5.559727234689991
Tema,-0.0005944897083014619,5.630989321494743
Adenta,-0.15201848685845926,5.692706154046303
Accra,-0.20650561729249595,5.5402755836279125
AblekumaCentral,-0.24030612952178365,5.537963002803661
GaCentral,-0.2872514160834429,5.598620303660412
AblekumaNorth,-0.27870130698009227,5.5897451688858
AblekumaWest,-0.25840251988929863,5.526977917555072
GaCentral,-0.2812762893894437,5.621807007064232
GaCentral,-0.34964990806779034,5.592724647718979
GaNorth,-0.2487169232872753,5.777907675924759
ShaiOsudoku,0.3421106126623079,6.024947485609078
GaSouth,-0.49040370537404876,5.677700425358398
TemaWest,-0.06031235506692977,5.616949478347015
AdaEast,0.5515120372447208,5.910304211643605
OkaikweiNorth,-0.22565148377939387,5.6234961003701365
AyawasoWest,-0.1421146654623789,5.610817389844147
AyawasoWest,-0.21966227860182744,5.609575970308729
AyawasoWest,-0.1508252492358273,5.6172769498516955
La-Dade-Kotopon,-0.13228648298575083,5.574074719201119
Accra,-0.20938791664669457,5.53742757802083
AblekumaNorth,-0.2575670460434478,5.573446419969466
TemaWest,-0.053834889607689354,5.643484007100487
GaNorth,-0.25305283585302113,5.712320849643563
AyawasoNorth,-0.21179409418039188,5.59145014321771
AblekumaWest,-0.23656068307593128,5.531471136935548
GaWest,-0.38380469140531825,5.746393782309557
La-Dade-Kotopon,-0.1751636230890145,5.614522877531084
AblekumaWest,-0.2178935881877407,5.535372042304632
Korle-Klottey,-0.18112767833068671,5.549323039082143
WeijaGbawe,-0.4022396366565023,5.48885310946156
AyawasoNorth,-0.20248930013174488,5.5971895537823375
Ledzokuku,-0.09526360469976056,5.596331292353324
La-Dade-Kotopon,-0.1499043129541473,5.581571795523906
AyawasoCentral,-0.21123919346206188,5.575921475063328
Adenta,-0.14480542647166023,5.667878130553411
AyawasoCentral,-0.20532352496795023,5.579862222882534
AdaWest,0.45803183989749247,5.858600095031552
Ningo-Prampram,0.18427293616538626,5.84287423980046
GaCentral,-0.30141936430986843,5.640696141853708
Korle-Klottey,-0.21458719303421384,5.558782152007552
GaSouth,-0.4302746033407817,5.683100308872951
GaEast,-0.24062270963724758,5.672011759380742
AyawasoNorth,-0.20479665989572668,5.587836581222576
La-Nkwantanang-Madina,-0.1426504139832546,5.809126706485999
Krowor,-0.08206270637643212,5.5998780621774715
AdaWest,0.46132893927221347,5.955438841338877
Accra,-0.22093900248122267,5.542017552643017
AblekumaWest,-0.22741920193705506,5.538200331288698
Adenta,-0.15088534735748535,5.686632805438632
GaCentral,-0.30759422345735377,5.619188498345017
Korle-Klottey,-0.20692946077657284,5.563241579923431
Accra,-0.20998170765608318,5.533697446612462
La-Dade-Kotopon,-0.14683206877324628,5.608647137209148
GaWest,-0.45640274593547764,5.743382600793671
GaCentral,-0.3446246230236606,5.62734575918499
AyawasoCentral,-0.20475581363975603,5.584287109747794
Korle-Klottey,-0.17962126189913274,5.561587329726906
TemaWest,-0.08378247816036277,5.638380677598573
AyawasoWest,-0.18232158577532137,5.614286071167529
TemaWest,-0.08303657733188805,5.644123941932969
Accra,-0.2174918818889747,5.534071365807042
AdaWest,0.4595774398099853,5.922128723299484
WeijaGbawe,-0.38880719307994394,5.546828129686666
Kpone-Katamanso,0.06380237703934048,5.695611649070404
OkaikweiNorth,-0.20108342515090916,5.6240382258684205
GaSouth,-0.3877666671103262,5.614216954094543
Tema,0.026455679063359397,5.655352207757012
Ashaiman,-0.043862194560424575,5.698462841144993
La-Nkwantanang-Madina,-0.18237272726207174,5.688130910920293
ShaiOsudoku,0.3363126204618562,5.959430471816933
La-Nkwantanang-Madina,-0.17202164062465655,5.727793068689917
AyawasoWest,-0.1769289247598231,5.614151727977672
GaSouth,-0.5038070246339772,5.676221186161272
Tema,0.001430238430799917,5.657036116926684
AblekumaWest,-0.26264747137383104,5.551784368118432
GaEast,-0.20192256533606914,5.734509190807392
Krowor,-0.08551755690892421,5.597627842530278
Ledzokuku,-0.13012708690608726,5.590411364560111
GaSouth,-0.3743598878472371,5.646867599791796
AblekumaNorth,-0.21512447365255022,5.578950671849939
WeijaGbawe,-0.34261690354866897,5.599183191332164
WeijaGbawe,-0.4028707384653516,5.577770028713059
AyawasoWest,-0.17287098376833007,5.658844023017227
Adenta,-0.14718142100449225,5.64388325257416
AyawasoEast,-0.19324971321563472,5.600857827923486
Krowor,-0.11221887736754686,5.639756098894847
TemaWest,-0.06026191700124564,5.665352162374128
Ledzokuku,-0.11387790307282682,5.572875100295253
Ningo-Prampram,0.1512776249754152,5.7859566935085915
AblekumaWest,-0.266876138974265,5.534164873409761
AdaWest,0.4927560557563604,5.964065507684037
Accra,-0.21762404486465897,5.541016336522821
GaSouth,-0.398023809801088,5.620766287859454
GaWest,-0.27840331035821453,5.656258129059982
AdaWest,0.3829857138816667,5.837476143228099
Krowor,-0.09979203265823307,5.627852573143765
AyawasoCentral,-0.20120213879595156,5.583701291188944
Ningo-Prampram,0.15895851093394806,5.824026158613884
Korle-Klottey,-0.1821948391216027,5.549300826310216
GaSouth,-0.48743930287528686,5.686231970651867
Kpone-Katamanso,-0.1444425395763633,5.83468247667688
AdaEast,0.502469901716834,5.81953236730792
La-Nkwantanang-Madina,-0.16244717695095884,5.770916799055463
AblekumaCentral,-0.245444557503389,5.558475525011282
OkaikweiNorth,-0.20736829491697414,5.643226730326445
Tema,-0.03489175577428113,5.640411421471714
AyawasoEast,-0.1813817528446821,5.5958748804366225
AyawasoEast,-0.19082756206378804,5.587403712405367
Ningo-Prampram,0.02359170894759764,5.752173496837689
GaCentral,-0.2878461430881548,5.595076065064588
GaWest,-0.38606887935055173,5.686613755879613
Adenta,-0.16679978556305805,5.687347602743362
GaSouth,-0.49775065218685927,5.700113992751262
Adenta,-0.11417370312001855,5.683255837996927
OkaikweiNorth,-0.1922450397203914,5.624110329524961
Korle-Klottey,-0.1861152240008488,5.549032081746932
GaEast,-0.1913408222754617,5.6937872418609805
AyawasoEast,-0.20229608994195108,5.591071644278735
GaNorth,-0.2599099280937517,5.768364307020665
AblekumaNorth,-0.26430985190772566,5.597668423937316
AblekumaWest,-0.25901999431041717,5.544911718513932
OkaikweiNorth,-0.20543471275160227,5.660055149723138
TemaWest,-0.0535563893301032,5.690194842353591
AblekumaNorth,-0.26930302163151176,5.595161429072302
TemaWest,-0.09018287751776997,5.651332104308699
Tema,0.02753590260619518,5.6496419800442235
AblekumaCentral,-0.25283834689999024,5.537764585480805
AblekumaCentral,-0.22498216330630416,5.551934617645673
AyawasoWest,-0.14310931512751487,5.625831558481029
AblekumaNorth,-0.2693665850452975,5.570834605454101
AblekumaCentral,-0.250431347325942,5.5358187386257365
AdaWest,0.4548058970597854,5.920187040722106
AyawasoEast,-0.19609160161765266,5.5956598787299034
AdaWest,0.4369854346113257,5.837882811020616
La-Nkwantanang-Madina,-0.1364442976102961,5.812460218581715
AyawasoEast,-0.1963197053717069,5.589676015184535
AyawasoWest,-0.14468001187011703,5.639684193823734
GaCentral,-0.3225425307584646,5.624223515797701
Adenta,-0.12952858757367486,5.740636126105087
GaSouth,-0.41276571023738223,5.654251713730435
AyawasoNorth,-0.21319397526065897,5.596301716041483
Ashaiman,-0.039075977528954565,5.698207375834402
AblekumaCentral,-0.23736208287059474,5.554178762738319
Krowor,-0.07932095802227926,5.625298689865368
AyawasoEast,-0.19227418094268908,5.597573946217013
AyawasoEast,-0.19570884952598175,5.596345017960919
AyawasoNorth,-0.21294426973619882,5.608274868140674
AyawasoEast,-0.19551248699063228,5.58728675214926
Accra,-0.2227498489139274,5.544703487494581
Accra,-0.22160365888183362,5.548468100618134
La-Dade-Kotopon,-0.13779047134778552,5.607219201777711
Tema,0.015779670883027966,5.6683166237655
Ashaiman,-0.04184396201879998,5.693826033969628
OkaikweiNorth,-0.2053379572598303,5.659977060474937
AyawasoEast,-0.189752534743177,5.59737433025235
GaSouth,-0.3700304126132907,5.645634600171147
Tema,0.024672201623346823,5.646743131806456
GaWest,-0.38698178980461023,5.701975250240188
Ledzokuku,-0.0956209569736106,5.595585027336563
Tema,0.016476375414533253,5.65799943965934
Accra,-0.21768241503269817,5.53950076310767
Krowor,-0.06953471349483455,5.604148564219069
Kpone-Katamanso,-0.1508040576274027,5.8258726312787665
Ashaiman,-0.03685057470211717,5.716096833203427
OkaikweiNorth,-0.24027441608319242,5.596331540041657
GaWest,-0.39654780470567325,5.7577444924203744
Accra,-0.21766973444858254,5.544298704966069
GaWest,-0.3461864361024521,5.753737737370889
OkaikweiNorth,-0.2540735575947335,5.601584041110407
Kpone-Katamanso,-0.09585108290673487,5.688942166065676
Ledzokuku,-0.1024569092022346,5.583198130094908
WeijaGbawe,-0.35185377226686787,5.584055440621508
GaCentral,-0.2840800290243954,5.596829104345866
Korle-Klottey,-0.19671809390816367,5.567675420734906
GaEast,-0.20692901680299555,5.687175227486876
AyawasoWest,-0.1616939416405465,5.655184945777487
AblekumaCentral,-0.22800426219407666,5.550015474521892
Adenta,-0.10836501082237568,5.657613302911217
Ningo-Prampram,-0.024645871739319,5.83209935344333
Ningo-Prampram,0.08963021831479523,5.824149160158388
Kpone-Katamanso,-0.012568418700484169,5.69252779437926
Ledzokuku,-0.09201847135748452,5.590591780783851
Ashaiman,-0.05176305381409138,5.710534026433665
Tema,0.02640634730410858,5.663587785535185
GaNorth,-0.25299358602164784,5.765100846135435
AblekumaCentral,-0.22680178593523856,5.559348954162887
GaSouth,-0.4642367425508358,5.661875902496878
AdaWest,0.460682390914846,5.966504067674737
OkaikweiNorth,-0.19733818886538784,5.65081798513328
Ledzokuku,-0.10153413570304737,5.603943570685173
WeijaGbawe,-0.353641212140431,5.569188411977478
ShaiOsudoku,0.12376743449621032,6.016103077936272
Ledzokuku,-0.11972915143597687,5.605544860372003
ShaiOsudoku,0.19094148528973606,5.937608306029084
AyawasoWest,-0.15083571949516383,5.642444250909895
TemaWest,-0.07700005438336098,5.644497956383723
Adenta,-0.15682857842971268,5.721778913269977
GaEast,-0.20905610903373403,5.659053662037727
Accra,-0.21999998607126192,5.541258459250409
GaSouth,-0.46236544967450993,5.698532868898804
Adenta,-0.1511804461223457,5.657924111994846
Accra,-0.210966301866366,5.539093677184819
AyawasoWest,-0.19040051468074376,5.647943365658014
GaNorth,-0.2654350556721814,5.711327507433374
Tema,-0.023536673143966874,5.654110249238132
Ledzokuku,-0.10352607743251091,5.606188733308242
GaSouth,-0.41948687270095664,5.715098711109795
TemaWest,-0.052551698293465586,5.634538523823563
Accra,-0.2074325072248658,5.542089159658715
GaEast,-0.2299675966401479,5.743676668945563
OkaikweiNorth,-0.24768850958357827,5.608154806079736
AblekumaWest,-0.2609436748858344,5.543179271322169
AblekumaCentral,-0.25477496361368995,5.542356314118132
TemaWest,-0.04678959299204086,5.611089205629075
AblekumaWest,-0.2641101099831133,5.554206126282649
AyawasoNorth,-0.20686458318738676,5.5965113677421945
AyawasoNorth,-0.20116269739186537,5.608227822993475
Korle-Klottey,-0.21217385808680145,5.559713051503758
GaEast,-0.22818545339300655,5.6461106430256915
GaWest,-0.3349511767661883,5.643997235150734
Kpone-Katamanso,-0.07291397013070465,5.762568636264912
La-Dade-Kotopon,-0.14681635063488865,5.6032620023131985
Ningo-Prampram,0.2939457311386924,5.905657955003206
AyawasoNorth,-0.20159787955050215,5.610960875078229
GaCentral,-0.3379458702584853,5.623469948643228
Kpone-Katamanso,-0.12043613122880738,5.879012985217674
AyawasoEast,-0.19035403265694567,5.600714197982954
AdaEast,0.5887052557057135,5.844531517386611
AyawasoWest,-0.19771295394966978,5.619627311362667
AblekumaNorth,-0.27174431158193363,5.577187701221845
GaCentral,-0.3310542434770683,5.611810763780467
AblekumaCentral,-0.24636238665530522,5.55903965662665
GaWest,-0.41733595451812594,5.741917458420732
ShaiOsudoku,-0.009947675712273535,5.885401630735034
Ningo-Prampram,0.33806988207029426,5.845952513130587
Kpone-Katamanso,-0.06906710798231137,5.731537239468998
WeijaGbawe,-0.3860638765226804,5.604142714764226
Ashaiman,-0.04327489011298042,5.680982459090131
AblekumaWest,-0.23253763290941418,5.538933963705465
Tema,-0.045206079330012805,5.623434140234428
GaWest,-0.3764398253086792,5.684870583812634
Ningo-Prampram,0.036958867699199045,5.821842177852108
GaNorth,-0.26085167997741404,5.773371222463206
La-Dade-Kotopon,-0.15176971992362961,5.611112765114507
AblekumaNorth,-0.27801762412371994,5.560735973299731
GaWest,-0.28291759921848686,5.653712460375491
Accra,-0.2186402241471157,5.533054822146698
WeijaGbawe,-0.39079845661662355,5.547282774063376
WeijaGbawe,-0.38824247190805483,5.58952518058667
Adenta,-0.1437922456692885,5.652329214947895
Korle-Klottey,-0.20131836522976698,5.566198337366258
GaEast,-0.20335278048215194,5.7410919913611185
AdaEast,0.5002226004997545,5.9487316700909965
Krowor,-0.10460752242098884,5.622982609289341
AdaWest,0.43954973997062863,5.876567967393529
OkaikweiNorth,-0.22514168637000406,5.625984188994834
AyawasoWest,-0.2022929639422541,5.613340572343824
Accra,-0.2085355704560649,5.537638114107436
GaNorth,-0.30824990439869066,5.770281663091871
La-Dade-Kotopon,-0.15158690848778586,5.610494851364347
AyawasoNorth,-0.2140707574493066,5.605250818968275
Ashaiman,-0.05095770402902513,5.706526167166103
AyawasoNorth,-0.20092898839887824,5.600005268243647
GaSouth,-0.4364197961265327,5.683802466639612
AdaEast,0.5131219219389274,5.969017705606186
Ashaiman,-0.03485085111377827,5.692971224132952
OkaikweiNorth,-0.22516871505345418,5.613342412688999
AyawasoWest,-0.16116925911630722,5.651805174542928
AyawasoWest,-0.19701119899252886,5.658554419698305
Ningo-Prampram,-0.01369119927152051,5.820189540755299
AyawasoEast,-0.1962666526368406,5.590302124648425
AblekumaCentral,-0.23101650828859244,5.553513121556079
Ledzokuku,-0.09942275879081948,5.599401336116067
GaNorth,-0.28275984902118434,5.779281767582808
GaSouth,-0.4772546146996304,5.7426713269624114
La-Nkwantanang-Madina,-0.14271213620254355,5.783190123219041
Tema,0.00889989947179035,5.655921082149782
Ledzokuku,-0.12922066890603545,5.623992777131792
TemaWest,-0.07108419616311028,5.636952737094541
GaNorth,-0.2701923579894282,5.719128411780882
GaEast,-0.21291678871389227,5.74632062801869
Ledzokuku,-0.10074080448653616,5.611250943613541
Ningo-Prampram,-0.033992481428395775,5.821478713248096
AblekumaNorth,-0.22497158865543382,5.5767931739957355
Ashaiman,-0.0510712728219023,5.7084390452907545
OkaikweiNorth,-0.2351292187608302,5.617638260630063
AyawasoWest,-0.19276095544505187,5.659441854418292
GaSouth,-0.44901107542783236,5.683334296618461
Ningo-Prampram,0.09547425994436046,5.848475567115194
GaSouth,-0.48864254878674684,5.746177243124351
GaNorth,-0.30876014693271014,5.7056577342292485
AdaWest,0.36663334009528326,5.905984734451452
AdaEast,0.49439645993469866,5.856816856057404
GaNorth,-0.2794790553914813,5.771546555166412
AyawasoEast,-0.1921434216399586,5.594436310577066
La-Dade-Kotopon,-0.1587562229327698,5.605158683663504
WeijaGbawe,-0.3856033414984187,5.563704293389908
ShaiOsudoku,0.18836157288860594,6.0859085189479964
AyawasoWest,-0.1901100409739396,5.620250338809397
La-Dade-Kotopon,-0.16456507288256078,5.595943153739133
Ningo-Prampram,0.2903296717590976,5.841125125915159
Krowor,-0.09688919972907374,5.607691537500534
AyawasoNorth,-0.19952741701702917,5.608534856818091
GaWest,-0.28159738028527265,5.643386285025369
GaNorth,-0.26112455552790503,5.788116472073913
Ashaiman,-0.04992449056974446,5.7045007318805965
AblekumaWest,-0.23036144766931815,5.538912837350755
AblekumaWest,-0.22515342719197645,5.543015118469444
WeijaGbawe,-0.3438029215319394,5.519766788824998
AblekumaNorth,-0.25757711006868644,5.598953122762071
Tema,0.010055181811512628,5.651499341074987
WeijaGbawe,-0.3192631674159278,5.592774543004879
Ashaiman,-0.018627829294746264,5.712982842456288
GaEast,-0.22752619852646871,5.657424158504419
Tema,-0.006915672623142688,5.627705721212548
Korle-Klottey,-0.18195126664335007,5.550378453499854
AyawasoWest,-0.20616595285367942,5.612604956684902
GaCentral,-0.2880472854091491,5.6235291815640895
OkaikweiNorth,-0.20097064932093184,5.645929177497279
Krowor,-0.0967388540554066,5.619807812370586
AblekumaNorth,-0.277947687332465,5.560178342895746
AblekumaCentral,-0.2400068817948963,5.552190271346454
Korle-Klottey,-0.19864020043080413,5.564760081914657
AyawasoCentral,-0.21001397747230074,5.574724245709569
La-Nkwantanang-Madina,-0.17786520971940042,5.687072135448432
Kpone-Katamanso,0.05252415468602021,5.68335109917016
AyawasoNorth,-0.21082492481471637,5.603044659400001
ShaiOsudoku,0.06322163869880652,6.0209772687848
AdaEast,0.5790979257155263,5.921630079732499
Tema,-0.007159655327375024,5.656044150300715
AdaWest,0.4853667858857184,5.837960849097677
GaEast,-0.2019666864918111,5.728525227062745
AyawasoNorth,-0.21150284601116634,5.605105273699301
Ledzokuku,-0.10680228127864516,5.598428134582217
WeijaGbawe,-0.36735378337065744,5.568651955466278
GaEast,-0.2054354053159774,5.757353922318766
Tema,0.0021617515508365152,5.656858753955927
OkaikweiNorth,-0.24117314887677696,5.601232137667248
Kpone-Katamanso,-0.10346552948139458,5.723041248499285
Accra,-0.22090078575713987,5.5487025861173915
Krowor,-0.056431733677222914,5.608083410777543
Accra,-0.21268656020213278,5.541969652258519
GaWest,-0.3453030612479787,5.722387401992593
La-Dade-Kotopon,-0.17061335541169492,5.573582641201742
WeijaGbawe,-0.4032714197452772,5.54300005026386
AyawasoEast,-0.2006513441191875,5.594014480671927
Kpone-Katamanso,-0.08768652983610041,5.792063921947633
Kpone-Katamanso,-0.09792196416344023,5.827663428550707
AyawasoNorth,-0.2131076269620888,5.6094566586807515
Ningo-Prampram,0.0772929619321884,5.76527395286588
La-Dade-Kotopon,-0.16054147756155213,5.625292770981681
AdaWest,0.490309792199741,5.914281278327815
OkaikweiNorth,-0.2299724005571134,5.616939001620033
Adenta,-0.14108746426143956,5.718336577182617
Ashaiman,-0.05127562368740527,5.694546464641694
GaNorth,-0.24355557065871936,5.777869473425612
Tema,-0.0014339478658061,5.6596030098177605
TemaWest,-0.034514914299767,5.667163695312201
Accra,-0.21668099827806314,5.548541186923255
AblekumaCentral,-0.2576631321926913,5.555007281525597
OkaikweiNorth,-0.23823892383142864,5.617260899874931
AdaEast,0.5319396595437864,5.899747342599628
GaSouth,-0.4225481290062552,5.722787326097868
La-Dade-Kotopon,-0.14339190765147672,5.608182138713473
AblekumaCentral,-0.25636394834608534,5.545610464275314
Tema,0.003442663829128177,5.633280247185733
Ningo-Prampram,0.17430202274643686,5.74365324621037
ShaiOsudoku,0.14711255342494173,6.0232062370250485
AblekumaCentral,-0.25386900163973464,5.551103439407115
AblekumaCentral,-0.23950657650606022,5.537529196759373
Tema,-0.026619473933404095,5.6270849067391
Ningo-Prampram,0.17878925850705885,5.745984619986195
GaCentral,-0.29376869462380106,5.585499628817898
Kpone-Katamanso,-0.02574438526311088,5.72638039722158
AdaEast,0.5283289262335771,5.9177007858246675
ShaiOsudoku,0.15751079105451554,6.0997681832387975
ShaiOsudoku,0.22090965677900484,6.007814194216144
Kpone-Katamanso,-0.1240453611782126,5.818010415321095
AdaEast,0.5815042011987155,5.8762654521545725
AblekumaNorth,-0.26125894003151107,5.585553516056298
AblekumaCentral,-0.23874159135373416,5.536486165410543
Kpone-Katamanso,0.032342676569146495,5.674833360009042
AdaEast,0.5537563495691361,5.881911285148989
AdaEast,0.5699424063379173,5.881004824829588
GaWest,-0.4051678299640101,5.723971539072867
AblekumaCentral,-0.25589992078808255,5.5447208713890825
Kpone-Katamanso,-0.0797805617266267,5.779949296617987
AdaWest,0.4918214176665428,5.984295088635287
La-Dade-Kotopon,-0.16369545565662325,5.594002740702488
AyawasoWest,-0.1409829292010326,5.628513769313799
WeijaGbawe,-0.32672178816504527,5.578933042546109
La-Nkwantanang-Madina,-0.17543860667791777,5.750443341448715
La-Nkwantanang-Madina,-0.18805626905289718,5.683525095136106
GaCentral,-0.34965256418576146,5.5922
AyawasoWest,-0.17514908484396569,5.645862395873656
AblekumaNorth,-0.2309384589641561,5.589499431464556
AdaWest,0.41786598674560493,5.9403989300834095
Krowor,-0.12020837796848838,5.639763506463966
GaNorth,-0.24170207746850575,5.766717808037663
AyawasoEast,-0.19720844042600172,5.584670016081296
Accra,-0.20712065606862087,5.540313221648652
La-Dade-Kotopon,-0.13857618406989608,5.571651741247286
OkaikweiNorth,-0.21009397570813854,5.642686459990675
AyawasoNorth,-0.20288993857637153,5.596781621604394
Ashaiman,-0.05002230839685777,5.716801559219829
AblekumaNorth,-0.2677589463957485,5.571370596377561
Kpone-Katamanso,0.03337695600396637,5.700716346434431
Korle-Klottey,-0.19716065000020733,5.567823524580871
ShaiOsudoku,0.11810821827656556,5.993611907751113
Ningo-Prampram,0.14573664381534637,5.808961528941383
GaNorth,-0.30597266927859307,5.791462401062111
GaEast,-0.2079799480821197,5.650388441499516
OkaikweiNorth,-0.23113877006365896,5.618001383153296
AblekumaNorth,-0.2742989724005917,5.59126951652127
La-Dade-Kotopon,-0.15929632891741902,5.595346413534986
WeijaGbawe,-0.3071372904144851,5.567546825336157
WeijaGbawe,-0.3676845209581753,5.505638353519763
GaNorth,-0.26239194740868854,5.799500837479694
Krowor,-0.10888907470911682,5.632002984515865
Tema,0.007736502766377867,5.6492409680128075
GaSouth,-0.5114966517111569,5.688506657164555
AyawasoWest,-0.21270554633285374,5.61174859335595
Accra,-0.20633559980340196,5.5406591879787985
Korle-Klottey,-0.17702091480634435,5.5544837535168
Accra,-0.20251382385357403,5.552781826419818
ShaiOsudoku,0.07950301473690158,5.842498450055212
GaEast,-0.2133776858930296,5.709804462463989
Ningo-Prampram,-0.00038165341159389354,5.758464614470819
Ashaiman,-0.020961084240081522,5.708048263852483
AblekumaWest,-0.26612627249400256,5.550292155650754
AdaEast,0.5613953093363373,5.894442628614309
Ningo-Prampram,0.14861887224347808,5.741214258271714
GaSouth,-0.3908253611205474,5.666119860655804
AdaWest,0.4641249340621817,5.888040966256037
GaCentral,-0.2946043913665946,5.584895674983447
AblekumaCentral,-0.23107080560732887,5.548619793395747
GaSouth,-0.4535650508500841,5.708827154979641
AdaEast,0.5071733932177469,5.9801288769276075
GaEast,-0.19260233904148896,5.694758858783676
AyawasoWest,-0.1778803808860766,5.642792978373131
AblekumaWest,-0.22248957081738543,5.537489529620198
Ashaiman,-0.023900402812906216,5.702077466478019
GaCentral,-0.2889152370222556,5.59584765608406
WeijaGbawe,-0.32550521450065906,5.583788755604001
AdaWest,0.4744869855909422,5.856130740127568
Ledzokuku,-0.10069907330046728,5.583972225245277
TemaWest,-0.05345145716442829,5.63346976960577
AblekumaWest,-0.2712023101963534,5.520810512352357
AblekumaNorth,-0.2617585470643631,5.589307919065707
WeijaGbawe,-0.3807216285877397,5.574001138219284
La-Dade-Kotopon,-0.17451983282245365,5.569327351318639
WeijaGbawe,-0.3526396056960405,5.563155685991291
La-Nkwantanang-Madina,-0.17528566718019967,5.7226435179517905
AyawasoCentral,-0.19906105403382326,5.584370512868386
GaSouth,-0.3689236716919738,5.613052010897048
GaWest,-0.3503098830171108,5.753881116191902
GaWest,-0.30201612057666904,5.662773346401354
WeijaGbawe,-0.35724925782719835,5.5928198590868785
GaCentral,-0.35005590413504933,5.587831875983113
La-Dade-Kotopon,-0.16355346318235817,5.610774107718287
GaNorth,-0.29813764885106847,5.79267144621989
AdaWest,0.3590657475005498,5.834378177071022
Adenta,-0.09584158082300741,5.668726761485113
Ashaiman,-0.049783519330200476,5.716910552414891
Adenta,-0.1284574206472353,5.7942745812744745
GaWest,-0.3614674502123266,5.715950648787967
Kpone-Katamanso,-0.13147328531684446,5.847745664397924
Ashaiman,-0.039147460350897695,5.690708596598897
GaNorth,-0.25722475306505965,5.747381368613145
Ningo-Prampram,0.2082385489792878,5.83235625673266
Adenta,-0.09112497166644716,5.6614408631964075
GaEast,-0.23497583968756477,5.736876683431352
GaWest,-0.379728624587268,5.770621254033059
Kpone-Katamanso,-0.09954755492986657,5.826314508549039
Ledzokuku,-0.10939528605025942,5.600402383739347
AblekumaCentral,-0.2482544779414481,5.549984331408468
AblekumaCentral,-0.22231938654437897,5.552598310367394
Adenta,-0.16580659374829357,5.694288715479577
GaEast,-0.22494578741572077,5.637897183738965
Ashaiman,-0.04338478896165909,5.6992697906012735
GaWest,-0.38827324417778375,5.719891475219685
GaEast,-0.22798379635311092,5.677008611161021
GaNorth,-0.29934276507928237,5.719684544482867
Ningo-Prampram,0.20276338378136372,5.816771407540263
ShaiOsudoku,0.21057117265283015,6.002720756495104
Adenta,-0.11639579620415799,5.681473045413592
AdaWest,0.4625399382972268,5.924505238157782
AyawasoCentral,-0.211300404784777,5.576346045559375
GaCentral,-0.3385265466174135,5.600664407047526
AdaWest,0.500669767265237,5.96506454280864
GaNorth,-0.256431667222987,5.771863048151652
La-Dade-Kotopon,-0.17365562820548494,5.594393727469473
Krowor,-0.09731055704801106,5.582221857397819
ShaiOsudoku,0.299130799938499,5.983254102735581
Korle-Klottey,-0.19246871493575718,5.557992651272606
Krowor,-0.08033569327637796,5.6027720504806595
La-Nkwantanang-Madina,-0.17085188246584593,5.765124720950486
AyawasoEast,-0.19826083138315861,5.587629557898903
AdaWest,0.4880403150900647,5.9207082398293265
GaNorth,-0.24969406256553808,5.761787245036377
AdaEast,0.5365179876021838,5.802383701687396
AblekumaCentral,-0.22389821607681393,5.548052410365607
Ningo-Prampram,0.20923555048827197,5.807936204423081
Ledzokuku,-0.0953049048572714,5.585991556035517
La-Dade-Kotopon,-0.1682206886953245,5.572142594803381
GaWest,-0.32212342268836497,5.660319204378831
TemaWest,-0.05674307768668411,5.627343292970018
ShaiOsudoku,-0.001315964942979024,5.949356418017475
Ningo-Prampram,0.07250550331960143,5.730043819637516
Ningo-Prampram,0.19408691290829852,5.811872238555853
WeijaGbawe,-0.4010574288322977,5.571225739323207
GaCentral,-0.3206197722559531,5.608691371439206
WeijaGbawe,-0.4040755451369007,5.54021894407825
Accra,-0.20844942759975177,5.548373501952375
GaEast,-0.21742977304636307,5.647186674966731
Accra,-0.21370764881670104,5.546836530548076
OkaikweiNorth,-0.2215622739744784,5.608292021461232
GaNorth,-0.24616128824620323,5.73250320431025
Korle-Klottey,-0.18445533031860165,5.552756698480874
La-Dade-Kotopon,-0.17341752119291517,5.56469351180303
WeijaGbawe,-0.40167591684838977,5.492819629394647
Krowor,-0.06416311227114026,5.606112385770471
GaEast,-0.23244265956330282,5.720231905869447
La-Dade-Kotopon,-0.16147298305076713,5.623154954444544
OkaikweiNorth,-0.2113870372766229,5.63629122737222
Korle-Klottey,-0.206035845007232,5.565070398276959
GaEast,-0.25392424512893236,5.667728178762904
WeijaGbawe,-0.3863765609865618,5.597877451622755
AdaEast,0.5331479091454248,5.917728964547446
Ashaiman,-0.05323428531825499,5.712233904308311
AyawasoCentral,-0.1984512356527862,5.580219912326633
Adenta,-0.14261852878417947,5.758982914081724
AyawasoEast,-0.19714971690153385,5.592692567329697
GaNorth,-0.27280283850412723,5.766442303335412
GaNorth,-0.30771429349166207,5.784945432487389
AyawasoEast,-0.18878451716750697,5.600766018091597
AblekumaWest,-0.232364750533787,5.5318769799432514
OkaikweiNorth,-0.2227006932111712,5.627997502436178
La-Nkwantanang-Madina,-0.1788466260984141,5.700627208805045
ShaiOsudoku,0.33455188262346564,5.969325609678317
Tema,0.027624731338068434,5.6642946986654374
OkaikweiNorth,-0.24612692647568657,5.614662350833915
Ledzokuku,-0.11214567521901296,5.588055752802149
AyawasoWest,-0.19837286748418956,5.619083683810494
Kpone-Katamanso,0.04155976295201823,5.693132233268124
Tema,0.0015856592969694869,5.646591886319276
AdaEast,0.6419942422934466,5.835391841489413
AyawasoEast,-0.1839788789802793,5.5892780598189455
ShaiOsudoku,0.22083020194657604,6.023255340005457
Tema,0.0307919931954362,5.657310425822954
Korle-Klottey,-0.19628998547895474,5.569976622410563
GaCentral,-0.3203613179408099,5.608288031009301
Krowor,-0.09049698073315723,5.624176084085646
GaEast,-0.20597720090162747,5.724860327939964
AyawasoWest,-0.2090582643318953,5.613968340785106
AblekumaWest,-0.27029455815004055,5.534193416535588
WeijaGbawe,-0.41928971612571103,5.602614960595164
OkaikweiNorth,-0.22061377796837278,5.64015738275227
TemaWest,-0.053761005431622724,5.639003926317856
Adenta,-0.1413774986104919,5.701046886514673
AblekumaNorth,-0.26271458065416814,5.60692262542276
GaCentral,-0.344038199399275,5.598092498732107
Krowor,-0.10220865307135389,5.629206095994104
AyawasoCentral,-0.2021964246229658,5.585074044289017
Korle-Klottey,-0.18348757560746196,5.547183877632248
AblekumaCentral,-0.24080885199207813,5.569660240103487
Ningo-Prampram,0.3508300296778721,5.84788824504419
La-Nkwantanang-Madina,-0.17816441999073998,5.795383989236276
Adenta,-0.12867271281881218,5.754035900280682
GaWest,-0.4388234883748573,5.788582487142586
AblekumaWest,-0.2342674446642717,5.5276380556552684
Ningo-Prampram,-0.028647969849677206,5.798662621643188
La-Dade-Kotopon,-0.16898855788286685,5.585299211362118
Tema,0.009940682863447285,5.65706016260409
Adenta,-0.13184679999694748,5.669728816275766
Accra,-0.215695349607828,5.5345168833862415
GaNorth,-0.2431395714068179,5.7298602092966275
AyawasoNorth,-0.21254921280062242,5.607179254337971
Accra,-0.21440961515303653,5.54730448389836
GaSouth,-0.4246108895528482,5.709655315039469
ShaiOsudoku,0.19009741619419598,5.89220724254901
OkaikweiNorth,-0.20439498583820148,5.647722229991901
Ashaiman,-0.04054702956916546,5.706495196731463
GaNorth,-0.2645159800814688,5.781377491160527
WeijaGbawe,-0.321752193255005,5.568282831147417
AblekumaWest,-0.26730512417152896,5.539194085830856
AyawasoEast,-0.19280801254048405,5.589881287823225
AblekumaWest,-0.23380483258984214,5.53446168027389
AblekumaWest,-0.2639228746451985,5.5330997760966
AyawasoCentral,-0.19874173094414543,5.579432221475586
ShaiOsudoku,0.09101599639547564,5.86072172822177
AdaWest,0.4862459859171608,5.894735007955645
AblekumaCentral,-0.24405022713757102,5.532248109248881
GaNorth,-0.2410609285802937,5.773700361821543
Accra,-0.21192919442151403,5.549182148917203
AdaWest,0.36448655947952857,5.872873769123654
WeijaGbawe,-0.27790469428849496,5.550197241457909
OkaikweiNorth,-0.2337618377438732,5.62408399959115
La-Dade-Kotopon,-0.17444536376855563,5.569645119642367
ShaiOsudoku,0.2586530262662735,6.053919192278953
GaNorth,-0.2647618503838135,5.758286323585583
AblekumaCentral,-0.2386711654378487,5.543448456507338
AdaWest,0.46680605513076556,5.992925414270821
AyawasoWest,-0.144932513596622,5.619296744020887
Accra,-0.2216175757081226,5.544335312916685
GaCentral,-0.32787904278233115,5.634196928537723
OkaikweiNorth,-0.2325236904196506,5.596578970521948
WeijaGbawe,-0.36031112777300855,5.510613719192629
TemaWest,-0.06689926919063623,5.623214299160755
AyawasoEast,-0.1960120153475645,5.600814775692848
WeijaGbawe,-0.4023927360169045,5.519888198440811
TemaWest,-0.06502599597072563,5.643576889672459
ShaiOsudoku,-0.003158492682882834,5.99884149873224
Adenta,-0.15185368731302135,5.6557848659263295
Tema,-0.010520704073285604,5.683983024811468
GaEast,-0.2592209447895788,5.677534212984184
GaEast,-0.20341424891259496,5.725073744560269
AdaEast,0.5054368627231306,5.809360541182026
GaEast,-0.21767492717281006,5.722890416997427
AblekumaCentral,-0.237813953294963,5.537268433138808
GaCentral,-0.269132770672017,5.608573035450465
AdaEast,0.5400371326412216,5.936750626736011
ShaiOsudoku,0.29884174891412224,5.991555646032717
La-Dade-Kotopon,-0.17585194397377932,5.577689229250743
Ashaiman,-0.03768440475242308,5.69004074102841
Korle-Klottey,-0.20271054336604424,5.568606783579793
AyawasoCentral,-0.20299723786416146,5.578688234370357
GaSouth,-0.45559562385505253,5.7002671577197
Adenta,-0.16820511502818095,5.709981490482258
Accra,-0.21498745731536187,5.541246676805444
AdaWest,0.40538968058784025,5.8847198279637905
AdaEast,0.5250631534007141,5.936107938527856
AyawasoCentral,-0.2111086490976876,5.573150331298085
AblekumaCentral,-0.2424813531883615,5.534362192702698
Kpone-Katamanso,-0.12295729692699314,5.819343043453498
AblekumaCentral,-0.2601227982647135,5.548162095810917
AblekumaNorth,-0.24276616245733218,5.575569527757464
Ledzokuku,-0.11352296435254508,5.579712921670378
OkaikweiNorth,-0.21785347516865072,5.629637742698423
Krowor,-0.07154864933355096,5.619049981542432
TemaWest,-0.04554962676306969,5.681694887199282
AdaWest,0.46057127280946214,5.847474216836306
OkaikweiNorth,-0.22333149166961708,5.611862391130097
Ashaiman,-0.030268526463626374,5.714281461341895
GaCentral,-0.28048791451515337,5.633147475371289
AblekumaNorth,-0.278496948301901,5.586416947967759
GaWest,-0.2781465602473149,5.640057197788659
TemaWest,-0.05228872891232602,5.647658913605067
Adenta,-0.15039241358484126,5.733508578175976
Adenta,-0.13255061863309073,5.661875419236364
GaWest,-0.4151172759383493,5.738073853546579
AblekumaNorth,-0.22963392328584545,5.5836841536111885
TemaWest,-0.05223195725267581,5.641896932667795
Tema,0.022297244276016766,5.646230732453332
AblekumaNorth,-0.21607266309866974,5.592703603858594
AyawasoCentral,-0.20300961697026512,5.580865816650023
AdaEast,0.5303279195371418,5.944398565510192
Adenta,-0.14336674884659842,5.723086594121015
Ledzokuku,-0.09447827176960263,5.589278615522891
Accra,-0.2130719396868939,5.5402894123542525
La-Dade-Kotopon,-0.13881215814966905,5.585194807196783
AyawasoCentral,-0.2077769157811193,5.574276956976676
GaCentral,-0.27839515783821184,5.603255456649971
OkaikweiNorth,-0.1964135538338244,5.631049000825892
GaEast,-0.19623010283181808,5.706785272409527
AyawasoWest,-0.20147378607887265,5.61347815052681
AdaWest,0.4039909486826419,5.810513882286921
TemaWest,-0.04916862814536417,5.635475858469613
AblekumaNorth,-0.25775454525284036,5.601422567211809
GaEast,-0.20744132229323997,5.751635401186702
GaSouth,-0.3811896953301608,5.616397108631224
GaNorth,-0.28765397992648456,5.666125905079852
AblekumaNorth,-0.2730313521079681,5.577074994575058
GaCentral,-0.2952742800389343,5.586176283833541
AyawasoNorth,-0.2015165590439315,5.601023843211735
ShaiOsudoku,-0.03548270121758762,5.945153068771412
AyawasoNorth,-0.1952921785245335,5.606491399787435
AblekumaNorth,-0.25410103445117577,5.591621381942893
Ningo-Prampram,0.3454777952298299,5.810510844449784
Adenta,-0.12466526820694887,5.692133790520514
AblekumaWest,-0.23118462043224333,5.539365787369234
AdaWest,0.3515919142974917,5.86282359308105
GaCentral,-0.266081065866002,5.61297022855522
TemaWest,-0.0631952752659263,5.622663461442348
Kpone-Katamanso,-0.013807490150998199,5.743553357751122
Krowor,-0.09320961489979869,5.607203949168558
Kpone-Katamanso,-0.05345337221667874,5.7391244171539375
GaSouth,-0.38383271983268197,5.685188225824785
AblekumaNorth,-0.2433647555093828,5.574094117917678
GaEast,-0.20085135551216862,5.674398565843738
TemaWest,-0.06042855040143421,5.6206735974410975
AblekumaNorth,-0.254249011571348,5.587224232297816
WeijaGbawe,-0.33988964508374325,5.520585104512689
Ningo-Prampram,-0.028355696234610896,5.829498017660466
TemaWest,-0.07417013248793397,5.650085528938182
Tema,-0.024907156887675152,5.633476051313481
OkaikweiNorth,-0.23832989760232948,5.604995712365032
GaSouth,-0.42530530729602867,5.682418183657089
GaWest,-0.3501136427915793,5.63467711257864
AblekumaWest,-0.2474043174371124,5.525511720257867
Kpone-Katamanso,-0.10962124997857373,5.825266075509912
Krowor,-0.05883846456740106,5.608112449725173
AyawasoNorth,-0.20315677174739272,5.6072104211278315
GaSouth,-0.3989887507477736,5.686349848149972
AyawasoEast,-0.19704190320458645,5.5984060125163815
La-Nkwantanang-Madina,-0.17877601164635132,5.727493922883893
AdaWest,0.4949779533677367,5.891007941001854
AdaEast,0.5827384122989027,5.882793043186783
Ningo-Prampram,-0.03829251332822772,5.828912529735939
Tema,-0.03012720525007867,5.624194626981326
ShaiOsudoku,0.10288606191697805,5.974002133388567
ShaiOsudoku,0.12576950859208091,5.933700076691534
GaNorth,-0.24249140421905097,5.748417155387555
La-Nkwantanang-Madina,-0.19044256102554452,5.679510976358637
TemaWest,-0.05439941798124945,5.666496366301469
OkaikweiNorth,-0.20278320167664654,5.621287676796979
Tema,0.02663059599196597,5.650446715626088
TemaWest,-0.0748219121743752,5.645017444069849
GaNorth,-0.2630109808235454,5.774006526005559
AblekumaNorth,-0.2562,5.558487584480421
GaNorth,-0.27078675039113703,5.723944126725957
Adenta,-0.12532509512950896,5.746148410044462
AyawasoEast,-0.19546783965024248,5.598164684781633
AyawasoEast,-0.2009223887560748,5.587172814288695
AblekumaCentral,-0.23406793890777955,5.5398913795705775
Adenta,-0.1291310503536904,5.697568035920395
GaCentral,-0.27211889994695443,5.601363538587256
Ningo-Prampram,0.20586919694321834,5.7897798305463795
ShaiOsudoku,0.08255746926585775,6.061677087176933
La-Dade-Kotopon,-0.13201166248278956,5.598650940198467
AyawasoEast,-0.19100610396760526,5.573451322495458
Ashaiman,-0.027652763492040135,5.697695509023732
Ningo-Prampram,0.04994382918154982,5.7781284359436755
TemaWest,-0.05130365243494864,5.623174968352247
ShaiOsudoku,0.0945880337619727,5.8674882013082845
La-Dade-Kotopon,-0.1706960629495224,5.620806837810356
AdaEast,0.4949583131264644,5.8962080542324244
AblekumaNorth,-0.27606792656568696,5.571667191449037
Adenta,-0.14419005498471177,5.734497017347773
La-Nkwantanang-Madina,-0.1815584380913521,5.715303632964344
GaCentral,-0.29470893764140865,5.624243494646466
Korle-Klottey,-0.20530349832072792,5.55871033684055
La-Nkwantanang-Madina,-0.17609222723406076,5.742575918195088
Adenta,-0.11255522083842433,5.680877148992929
AblekumaCentral,-0.25117257145891053,5.552073608991291
Accra,-0.22104985575860403,5.550552158305537
Ashaiman,-0.045707016317272635,5.706150129651321
Tema,-0.014631814864342983,5.665967361086439
AyawasoNorth,-0.20672582333810843,5.60802148306328
AdaWest,0.49368942354245526,5.978455359382945
Ningo-Prampram,-0.004210714760932377,5.823974131550133
WeijaGbawe,-0.3032168283770707,5.579723375923554
AdaWest,0.48481204473847517,5.92326365542658
Tema,0.024769717296506386,5.653759067071198
GaEast,-0.2289583202921652,5.74647189164777
La-Nkwantanang-Madina,-0.1325599782616104,5.811040306685597
GaCentral,-0.35669120461560944,5.59618362176154
AyawasoEast,-0.19064817408583312,5.577372816055981
OkaikweiNorth,-0.2155508903065678,5.638809338273271
Kpone-Katamanso,-0.08607046221254396,5.7759069059646295
AyawasoCentral,-0.21116836312811516,5.576277994017499
GaEast,-0.24850131259841923,5.675946105120991
OkaikweiNorth,-0.2213283838640544,5.631991756628698
AblekumaWest,-0.2695452117862945,5.525446904049148
OkaikweiNorth,-0.22909857820807847,5.603654806073733
GaSouth,-0.4613956419015672,5.66633101757909
Accra,-0.2157286490873298,5.538132266732657
AblekumaCentral,-0.2248101596279591,5.549756564093466
La-Dade-Kotopon,-0.1546368758534032,5.603087754057724
TemaWest,-0.06217448142199914,5.616257281240044
Tema,-0.008782104098668714,5.626061828334599
GaWest,-0.38276840598377726,5.753557852845757
AblekumaCentral,-0.23645695413982362,5.547712616638176
AdaEast,0.6461074881726251,5.8109684108543815
La-Dade-Kotopon,-0.13833234069056294,5.60833889302486
GaSouth,-0.4502493771638367,5.657737404020848
AyawasoCentral,-0.20017729454276617,5.585321468624519
GaCentral,-0.34537431413218467,5.586337760347491
La-Nkwantanang-Madina,-0.18813396205999505,5.744046889419734
AblekumaNorth,-0.24591126718581152,5.572792628104745
GaSouth,-0.4478391498253206,5.7048399051782415
Tema,0.02966764498106067,5.656022767602208
Kpone-Katamanso,-0.11036999873872483,5.8022124959773045
Kpone-Katamanso,-0.09490124878940226,5.748817325070647
GaSouth,-0.3751240707919816,5.626449908259517
GaSouth,-0.46012023599070795,5.684081749725985
Korle-Klottey,-0.20398323367853338,5.560811358502047
OkaikweiNorth,-0.22092211756950314,5.636565171702568
AblekumaWest,-0.2550654087090483,5.534663326387909
Ledzokuku,-0.09517105660054467,5.587181422980213
GaWest,-0.3298243711978873,5.654894243302027
Korle-Klottey,-0.19680903791153118,5.547176890695894
ShaiOsudoku,-0.07301121385795657,5.86218363399285
GaEast,-0.22878471979356585,5.679116458804363
Ningo-Prampram,0.3062793916854568,5.786710119157622
AyawasoNorth,-0.21057616139781618,5.603594814499284
GaSouth,-0.3601597619683402,5.652695815055922
AyawasoWest,-0.19758567378047243,5.611376774473316
Korle-Klottey,-0.17879879931307943,5.5644202677869306
TemaWest,-0.07528050520232296,5.64342183188147
Accra,-0.20861787516515068,5.549870064400484
Ledzokuku,-0.12998498255556842,5.624575887092104
La-Dade-Kotopon,-0.14015859705156328,5.606776245299797
Accra,-0.21693371331073602,5.5366736638532625
TemaWest,-0.05689127430886217,5.64760279421912
AyawasoWest,-0.20535848922714345,5.613263675015034
GaNorth,-0.2818972732604012,5.7216069474211775
La-Dade-Kotopon,-0.13555922183972968,5.584910298371307
AblekumaNorth,-0.21774719736298803,5.589791136729839
Ashaiman,-0.055042223891845724,5.697833077801692
GaSouth,-0.3969802748992073,5.670642454276766
Ashaiman,-0.03040046365384697,5.710527601819925
AblekumaCentral,-0.2528716434635417,5.551257740315474
GaSouth,-0.3932251413653831,5.667369015721477
Kpone-Katamanso,-0.00542711007823659,5.690274720772339
Ledzokuku,-0.10264763860774317,5.585609263732402
Kpone-Katamanso,0.00948843260485819,5.696263564230298
GaNorth,-0.29870943798625216,5.749294750921124
Korle-Klottey,-0.1959848688761049,5.558299695924319
La-Dade-Kotopon,-0.13224935778753197,5.596969254648328
GaSouth,-0.46101157735666853,5.668278204861488
WeijaGbawe,-0.33619202470696086,5.555640606251895
GaNorth,-0.23848819079773667,5.779714093756401
AblekumaCentral,-0.24998402702817415,5.552769106242811
Ledzokuku,-0.1125146968356064,5.586415892468545
AdaEast,0.6128761822335673,5.865205563247164
Krowor,-0.06588787303681568,5.608729081892306
AblekumaNorth,-0.2273491053200351,5.596931558100043
TemaWest,-0.05129894542191356,5.684791340072208
Ledzokuku,-0.11894790584067877,5.576937678344129
ShaiOsudoku,-0.009444077553815391,5.929699536942114
La-Dade-Kotopon,-0.16677822089340713,5.577414274314382
La-Dade-Kotopon,-0.16382227214683945,5.56717262644236
AblekumaCentral,-0.23266615006798852,5.54379479995784
Adenta,-0.12651953800395757,5.781514227003453
TemaWest,-0.06685433950429852,5.671370922015853
TemaWest,-0.0425170420753781,5.667379705871086
Ashaiman,-0.037300049802448276,5.70495766580114
AyawasoEast,-0.20194073928239356,5.588903017013026
ShaiOsudoku,0.07969621009112549,5.979309112247175
GaCentral,-0.3094906466343611,5.6166413381769305
GaSouth,-0.3852307174541738,5.676558438671364
Adenta,-0.09978925022144011,5.67039773826794
ShaiOsudoku,-0.01222684489208591,5.845682820697203
Adenta,-0.13772811850800634,5.710999024674316
Korle-Klottey,-0.17763322692456046,5.560014575210343
WeijaGbawe,-0.34492996046664676,5.552135146481314
La-Dade-Kotopon,-0.16112073267057336,5.605962045033911
AyawasoEast,-0.19384003062531058,5.5889928272013485
Ashaiman,-0.02336522117941266,5.688679781896648
TemaWest,-0.06076415931001245,5.632319140869214
Ledzokuku,-0.11324067741976188,5.599697156246192
Ledzokuku,-0.10104748533469482,5.579224136125146
AblekumaCentral,-0.23003199040689262,5.547242228483078
Accra,-0.21585233482835603,5.534813127289797
TemaWest,-0.07410436787664579,5.646291317913195
Ashaiman,-0.050176011430453624,5.709832171457717
GaSouth,-0.4617512676296835,5.656582875904598
GaSouth,-0.3586366347365236,5.6242295658660435
GaNorth,-0.32950165699062195,5.760299030218834
La-Dade-Kotopon,-0.18042570447514897,5.571626098906624
ShaiOsudoku,0.1460376376085256,6.077152345548428
AblekumaWest,-0.2571331966149123,5.5287882066654905
Ashaiman,-0.01960230480452914,5.693878486799026
AdaEast,0.6175472652072002,5.846539963040543
La-Nkwantanang-Madina,-0.18660624148747426,5.735128760410594
ShaiOsudoku,-0.004985641395650463,5.964438366120525
WeijaGbawe,-0.30617044901927,5.553582061298578
GaCentral,-0.34231735124260654,5.619313788883385
TemaWest,-0.06170566824833835,5.668842139227935
Adenta,-0.1661671268314001,5.704676080518408
AyawasoCentral,-0.20998674178456056,5.5751828221201984
WeijaGbawe,-0.3991827273670505,5.570033943460929
Kpone-Katamanso,-0.08264100721132299,5.782546526231282
TemaWest,-0.05834364814683974,5.623105815480891
La-Dade-Kotopon,-0.15911819104630334,5.596765347610139
AblekumaWest,-0.22376188684819806,5.541831515008906
La-Nkwantanang-Madina,-0.1789987401246113,5.69318205079618
Ledzokuku,-0.1294043562617166,5.5946643152434845
AdaEast,0.5623675281472975,5.806643324668573
La-Nkwantanang-Madina,-0.16729163292204813,5.798122111324897
AyawasoEast,-0.1908517245611457,5.588481935107694
ShaiOsudoku,0.0587735233061889,5.9587240092282885
AyawasoEast,-0.19764766230596248,5.576015065765329
GaNorth,-0.26550550582527566,5.726328555684527
Adenta,-0.13538992613948847,5.683949115049715
GaEast,-0.20289544061488626,5.766974413992297
AyawasoCentral,-0.20391263442315988,5.575634489660752
AyawasoEast,-0.18612350745728543,5.585356373184561
Krowor,-0.0639358392337836,5.607144705038128
GaWest,-0.42500837125199753,5.736518441129634
AblekumaWest,-0.27361957153965705,5.535456353584372
GaEast,-0.18465446833185054,5.77199104544762
Tema,-0.010178620453779465,5.63331397838201
AdaEast,0.5228373886871096,5.808798643881501
ShaiOsudoku,0.17231413127310102,5.929349946649573
GaNorth,-0.2693603269794257,5.802286798150094
Korle-Klottey,-0.18312983331391663,5.546409926374061
GaCentral,-0.2725828525348578,5.6049253645196275
AblekumaNorth,-0.24178489365034975,5.5741446728817525
AyawasoWest,-0.1484727614799049,5.613232869474804
OkaikweiNorth,-0.2224016751892296,5.619055664738143
Adenta,-0.14734414166200074,5.715824895380857
Adenta,-0.15160024233403502,5.666648137002265
GaWest,-0.4071391964612282,5.718130474814025
AyawasoNorth,-0.2117114020894576,5.608935354995709
Ningo-Prampram,-0.012646337065372715,5.789315242327038
Krowor,-0.08263401759683986,5.6213714792743
La-Nkwantanang-Madina,-0.1848299135497284,5.7401593586591915
Ningo-Prampram,0.027521747262215377,5.733823538465007
AyawasoCentral,-0.2048103950869327,5.577552712257907
Ningo-Prampram,0.0787598968630411,5.74947372818494
GaWest,-0.44764459514351107,5.759158441204649
AblekumaWest,-0.27129629463552174,5.550112336590362
GaEast,-0.19792675677395002,5.710492352442102
AyawasoCentral,-0.20288333812729115,5.579075853359045
Ledzokuku,-0.10209297735805586,5.600809690189383
AyawasoEast,-0.2015268449947065,5.5894766699723855
GaWest,-0.2799791710108469,5.64040831553267
Kpone-Katamanso,0.031006833467478893,5.701521582412058
GaWest,-0.38481563236102473,5.703252897099948
Adenta,-0.1251510676223804,5.685999923728145
AyawasoNorth,-0.21521247235546398,5.605516481384548
AyawasoNorth,-0.20389003658032623,5.600704864903627
Tema,0.012030342483654095,5.653810873200537
GaNorth,-0.2820106474489641,5.771173829755719
Kpone-Katamanso,-0.05763499529072076,5.769153525542859
GaWest,-0.4287053513095658,5.75767108399211
Accra,-0.21548850026902175,5.536226928253057
AyawasoCentral,-0.20633775472070412,5.577400793140362
AdaEast,0.5478005706454502,5.904587413453258
AyawasoNorth,-0.21375913464167948,5.610068400106577
GaNorth,-0.29663860301068345,5.777483602054514
AyawasoWest,-0.17661782810267557,5.615121790815056
AblekumaCentral,-0.2412558391592349,5.552405866811848
Krowor,-0.06330960109146222,5.610619406208096
Ningo-Prampram,0.3409265086431813,5.868347041715225
Tema,-0.01511057683515102,5.619341247990453
AyawasoWest,-0.18320479479556157,5.639734847758306
AdaEast,0.5490790087450664,5.884719212494181
AyawasoCentral,-0.20263842495083728,5.587238103721645
Tema,-0.023018875288897112,5.619663699764175
AyawasoCentral,-0.20311747099056965,5.579821642793045
La-Nkwantanang-Madina,-0.18771933791988982,5.738477519371088
Ningo-Prampram,0.1775417369930968,5.816828362258184
AyawasoNorth,-0.21153248878248604,5.607211723930365
AdaWest,0.43513592471427925,5.90880087322671
AblekumaCentral,-0.2501523929478385,5.548743572654051
WeijaGbawe,-0.35777814646303163,5.5759491150868765
WeijaGbawe,-0.382154761687351,5.528480309382964
GaEast,-0.19454583869459605,5.7432269359289805
Kpone-Katamanso,0.0291522532450525,5.6684310485643135
Accra,-0.20415177328343737,5.54389695611036
GaWest,-0.38181150630487093,5.747409855542342
GaCentral,-0.34129637862748663,5.601581146085534
Korle-Klottey,-0.17858756887703636,5.563837414533649
La-Nkwantanang-Madina,-0.16587136679060147,5.809872626763214
AyawasoNorth,-0.2046849853477703,5.592163438947127
GaSouth,-0.4880105213995911,5.691060500618829
AyawasoNorth,-0.213834382891728,5.6008286510272445
AblekumaNorth,-0.24805754003207928,5.601935670396241
AdaWest,0.47903875578611327,5.912080468897211
AblekumaCentral,-0.23515074108825745,5.556007837256421
GaWest,-0.2760681750587119,5.6436038478523045
AblekumaWest,-0.2606425428533623,5.52789677188986
Adenta,-0.13655973534575638,5.766983681875781
GaCentral,-0.31246170557683844,5.63720954126524
GaCentral,-0.29644671666250344,5.606411242500376
Korle-Klottey,-0.17915885046278238,5.551578347970553
ShaiOsudoku,0.10593388162417353,5.973818692920527
Ledzokuku,-0.0992291533679647,5.601687941333413
Tema,-0.00504836499900296,5.6772375317576795
AyawasoEast,-0.19290829196227013,5.6007362759125225
Kpone-Katamanso,-0.08728089106668906,5.779347859352722
AblekumaNorth,-0.23682593838460184,5.579216998174484
ShaiOsudoku,0.0692710078663343,5.8677406229123585
La-Nkwantanang-Madina,-0.17117283225543556,5.8126295608539715
Ledzokuku,-0.10527794910452795,5.619595522531771
GaCentral,-0.328498705047522,5.6052142204285245
Tema,-0.007102735829197564,5.628675291464278
AyawasoCentral,-0.19804574804488126,5.57951800652793
La-Nkwantanang-Madina,-0.17998669628615924,5.743762013402902
AblekumaCentral,-0.22711947794790766,5.557490625944006
Ledzokuku,-0.13404394871819958,5.617426224086786
AyawasoEast,-0.19630343904762407,5.597647676090632
TemaWest,-0.06840405260734715,5.693556014514866
La-Dade-Kotopon,-0.17328192813314916,5.579081915943135
GaEast,-0.2259820091981716,5.740805799186476
AblekumaCentral,-0.23895983473282464,5.541126341717142
ShaiOsudoku,0.27779990469601357,5.999982878040175
Ledzokuku,-0.09370988814863879,5.5882025561183
GaSouth,-0.4041237023941006,5.618981987010806
AyawasoEast,-0.19259331018373194,5.595320142710729
OkaikweiNorth,-0.21657261377178003,5.603449758079041
WeijaGbawe,-0.3163833537415012,5.531857658019578
Ashaiman,-0.035096148622174035,5.6889096095552745
AyawasoNorth,-0.20450712837149837,5.607961502484222
GaNorth,-0.26072327527100886,5.718239656984059
GaEast,-0.23182922062504127,5.726834289610456
AyawasoEast,-0.20164960227946419,5.59140582880795
Ashaiman,-0.040371532995047796,5.705494759728811
AdaWest,0.48850596013861936,5.881721573492184
OkaikweiNorth,-0.23159262162600502,5.618253880510836
Korle-Klottey,-0.20937261053054707,5.563605302459123
AblekumaNorth,-0.27323925353131767,5.5627509756431825
AblekumaNorth,-0.24650964556048705,5.595081430231732
AdaEast,0.5148079553244405,5.950143188804
Adenta,-0.12540225319300569,5.7126174791294
GaEast,-0.2094033238285922,5.746759237930532
Ningo-Prampram,0.2713807998471477,5.89465307745531
Korle-Klottey,-0.20592535158961411,5.5586
TemaWest,-0.060900664016958726,5.681727529269669
Ningo-Prampram,0.2960860416141081,5.783696425105233
Korle-Klottey,-0.18349970676794156,5.5463725533566075
Accra,-0.21729756013544935,5.538917700316827
TemaWest,-0.06567656202738852,5.63379865638779
Ashaiman,-0.044983576845860775,5.7012104948897555
AyawasoEast,-0.18669555561536968,5.600343904947152
OkaikweiNorth,-0.19993536752990496,5.648399677087322
GaSouth,-0.3802335651876124,5.653967598800641
GaWest,-0.349773715454188,5.72775373213688
GaCentral,-0.35284093792508203,5.5940706889923435
GaEast,-0.2063482199112262,5.6688195878907495
La-Dade-Kotopon,-0.16514072104319333,5.613994036822694
AblekumaWest,-0.23054384019965393,5.539847161101798
La-Nkwantanang-Madina,-0.17761858369662192,5.7265503364571515
AdaWest,0.4418824982774394,5.917583787897592
AblekumaCentral,-0.24050598817252253,5.537781055828292
AblekumaCentral,-0.24463036779047748,5.553218671194378
AyawasoCentral,-0.20531162567924977,5.576511126852361
Accra,-0.2093276584327317,5.554944250310801
Accra,-0.20175982993937125,5.54649814314024
OkaikweiNorth,-0.20134032798436755,5.629172509246031
La-Dade-Kotopon,-0.16503538208442523,5.588381420911138
GaCentral,-0.3493138791760726,5.612490161858096
Tema,-0.014559962071762913,5.6184244655800315
AyawasoCentral,-0.21029254776071846,5.573209052188146
AblekumaCentral,-0.23260848376995663,5.564106370406169
GaEast,-0.18893499765321126,5.7670089746060205
Tema,-0.024087495582800468,5.6528937828928205
GaWest,-0.3357111355425737,5.672223652069459
Ashaiman,-0.03198752267867952,5.709629393740608
AdaEast,0.5401851901718813,5.867712617973315
Ashaiman,-0.033489263985363414,5.718196690830148
Ningo-Prampram,0.07920123968757328,5.829502243769199
Ledzokuku,-0.10833706606987256,5.629236678437633
AdaEast,0.526614318803278,5.933746456024832
Tema,0.020149936593859916,5.6615425516019995
GaWest,-0.33861931159484054,5.738984935064416
GaEast,-0.1987754986593895,5.782213490499948
AyawasoCentral,-0.2111086583806459,5.5768040193017026
AdaWest,0.49355727694088475,5.896429574435591
GaEast,-0.22511665496786487,5.706254237248781
AyawasoEast,-0.1973582781586742,5.596391473101229
AyawasoNorth,-0.20559918687021342,5.610282926760725
Ledzokuku,-0.1231317596751929,5.579692729282449
Ashaiman,-0.03700755990737504,5.6983009294540805
Tema,-0.025656351649884872,5.668390584601058
GaNorth,-0.2352723098169133,5.777855886728697
AyawasoEast,-0.1924093492223144,5.578106309910341
Korle-Klottey,-0.1936070865808756,5.566189353993746
WeijaGbawe,-0.3525461525463262,5.5052007004995085
TemaWest,-0.05690565758580226,5.6183668544561645
Accra,-0.21360399745859335,5.535039164708083
AblekumaCentral,-0.25553244472383435,5.545853507949853
AblekumaCentral,-0.25418227077975564,5.544320569505264
Ledzokuku,-0.11891011523518302,5.585866347493895
AyawasoWest,-0.18659912843561846,5.643110090075739
Kpone-Katamanso,-0.08145262750720018,5.82423472683936
AyawasoNorth,-0.19940139417714328,5.607432729060212
Ashaiman,-0.04242540969600628,5.681221300306652
AyawasoCentral,-0.20011964961578313,5.575968808325028
Accra,-0.21742930168391017,5.553561435362299
Korle-Klottey,-0.20417537430096108,5.561678005809237
AyawasoNorth,-0.20889944812999786,5.596689612787538
AyawasoCentral,-0.2060170831735004,5.58215998555322
AblekumaWest,-0.22950313898591235,5.540814901513012
GaSouth,-0.40511211329455094,5.699164839672707
GaSouth,-0.3825138633648929,5.6136922420359925
AdaEast,0.4873748850924456,5.875156351102178
La-Nkwantanang-Madina,-0.18870277410262248,5.747291839118624
AyawasoNorth,-0.21167024731557013,5.596799824960973
GaSouth,-0.4132833565258752,5.617979824107418
La-Dade-Kotopon,-0.17623041061380273,5.558910603924703
GaEast,-0.24505935655048816,5.662380949195152
AdaWest,0.3607999602946669,5.844063162212553
La-Nkwantanang-Madina,-0.1735458667973788,5.797828618225181
GaEast,-0.23646433400583555,5.718654870250572
AyawasoCentral,-0.20027915796073165,5.576113975709723
AdaWest,0.48866948040655095,5.965102167387433
AyawasoWest,-0.15352213655647098,5.62152885620367
Krowor,-0.08080480159133166,5.615898031521485
OkaikweiNorth,-0.2218666504362902,5.623863888985638
GaSouth,-0.4726373827937278,5.671261554691385
AdaWest,0.4720653901819765,5.841326945150564
Kpone-Katamanso,-0.07021135290450925,5.704789434981552
ShaiOsudoku,-0.02774527670610031,5.867188172668734
GaWest,-0.3963664241319644,5.728103563860091
AdaEast,0.5809444784593483,5.924957726615164
AyawasoWest,-0.15269362970414677,5.616563233447437
La-Nkwantanang-Madina,-0.19084500438295185,5.7159835495149025
ShaiOsudoku,0.1858783190180313,6.052637306119753
Krowor,-0.07274841336729065,5.604653962539387
AdaEast,0.5345785439267992,5.892651635873431
AblekumaNorth,-0.21712383306097435,5.5977883961880215
Ningo-Prampram,0.30254388572062124,5.847886557349364
TemaWest,-0.052769814441186266,5.688787586278112
OkaikweiNorth,-0.22262927569716429,5.605469508376627
Ningo-Prampram,0.10104768263192611,5.7069
La-Nkwantanang-Madina,-0.1782576070136347,5.746362058159538
Krowor,-0.09114183371748917,5.615562048997372
GaCentral,-0.3435775992958421,5.623981289146761
Accra,-0.2042418846302176,5.547935146777425
AyawasoEast,-0.19147429783240533,5.600715857899471
ShaiOsudoku,0.05519911870000081,6.012721513709761
TemaWest,-0.038805954456863384,5.6596533983267605
AblekumaCentral,-0.24112365457302815,5.538641449384064
Krowor,-0.07383245137908107,5.6002874340520625
Tema,-0.018517842681063015,5.676862122407371
ShaiOsudoku,0.051092349286341376,5.924383491380423
Krowor,-0.09744790377117282,5.614065606516704
AyawasoWest,-0.1912627367054474,5.609622602199207
Adenta,-0.12847723271072775,5.701184641492627
GaWest,-0.3694663296974052,5.6873090207662935
Ledzokuku,-0.11280817404042019,5.585861949173851
OkaikweiNorth,-0.19619567393855802,5.633112668993631
OkaikweiNorth,-0.2326697931951951,5.595095676036127
Accra,-0.2142419845758691,5.545510016062871
Ledzokuku,-0.12830153884904136,5.612287416754983
GaWest,-0.35774170560042584,5.705051371630933
AyawasoWest,-0.17770150535002957,5.624512958308042
La-Dade-Kotopon,-0.1743398419753306,5.590280981940619
La-Nkwantanang-Madina,-0.18091303483479607,5.686662575707242
AyawasoNorth,-0.204807899798618,5.610116803340171
Ningo-Prampram,0.2908277270469454,5.835139640371435
GaWest,-0.420556749797645,5.740359763144815
La-Dade-Kotopon,-0.14762113420013617,5.598271758374998
Adenta,-0.13472115163729645,5.667029594008339
AblekumaCentral,-0.24312897793318558,5.54833738206747
AyawasoCentral,-0.20259828370102806,5.586198597053626
GaWest,-0.4010772899474978,5.689561886941522
AblekumaNorth,-0.24013069939049006,5.58708144870826
GaWest,-0.28620072715088685,5.643705990865886
La-Dade-Kotopon,-0.133109656815843,5.588811853960198
La-Nkwantanang-Madina,-0.17887212192255603,5.755424597613664
AblekumaCentral,-0.24732570982763638,5.547588841877681
TemaWest,-0.05143046068112461,5.622022158941891
GaWest,-0.369471758955196,5.704891470141847
AyawasoCentral,-0.20468784582120786,5.585836965614586
Adenta,-0.13159139767270808,5.72624705669327
Ningo-Prampram,0.1606624142600971,5.8034163656816595
Korle-Klottey,-0.20021088009758364,5.559847119533304
ShaiOsudoku,-0.06944950796262273,5.8800777043784835
GaWest,-0.38441248427304625,5.732156280816481
ShaiOsudoku,-0.013787101792246178,5.961692097376788
GaNorth,-0.29320496186298134,5.766299721541542
AblekumaNorth,-0.21574845039885535,5.601559208314304
AblekumaCentral,-0.2307331383982409,5.5679670214762735
La-Nkwantanang-Madina,-0.1830224480217041,5.747544453258178
La-Dade-Kotopon,-0.14004251143100946,5.588582063108125
AblekumaCentral,-0.23486444084877675,5.569328817977164
TemaWest,-0.06608196161094751,5.629016309549214
AblekumaWest,-0.22887743461773435,5.53102550068735
Krowor,-0.11412458852528994,5.640564278326337
Accra,-0.20965634770438682,5.549528027388792
TemaWest,-0.05999715184437844,5.641656834166282
AyawasoEast,-0.18115423209442486,5.594522256375485
Ledzokuku,-0.1307563661081541,5.583016676666673
AyawasoCentral,-0.21122424807137227,5.576115703450417
GaSouth,-0.40561004676102447,5.675747412908518
Ningo-Prampram,0.07468192931352413,5.813905709017557
Ashaiman,-0.03986923725166539,5.706988078449663
ShaiOsudoku,-0.025094904293973822,5.838188883955214
WeijaGbawe,-0.3220526539161618,5.534775353932885
La-Nkwantanang-Madina,-0.17240635614370978,5.803803805000681
GaCentral,-0.2701889411127749,5.610016349242253
OkaikweiNorth,-0.22036295839646772,5.60741234745395
AblekumaNorth,-0.2724082873744947,5.579073786111029
OkaikweiNorth,-0.2183109649191669,5.61639320969415
Ashaiman,-0.04451894225234329,5.697144004636623
Accra,-0.20932823000103698,5.544431493708703
AdaEast,0.66248061184576,5.796022276509645
Accra,-0.2197645357669661,5.546944273398935
AblekumaCentral,-0.24021792738579065,5.536407160019519
Krowor,-0.08515953171039475,5.591502307642896
Krowor,-0.09451345925011881,5.618642424775519
Adenta,-0.16083189672526177,5.698408454011399
AyawasoWest,-0.2049496202411637,5.612445542695979
Ledzokuku,-0.1299885055701798,5.5859099584640095
GaWest,-0.3747680617637467,5.704307571293632
GaWest,-0.30091972155202956,5.6472485565106325
Korle-Klottey,-0.1811755551848455,5.550625902583441
ShaiOsudoku,0.18771292319669097,6.090399250403998
WeijaGbawe,-0.2991491588724943,5.586001448845799
GaWest,-0.34960962334583867,5.716477537774813
AdaWest,0.456869216626932,5.797198379200265
TemaWest,-0.0708942966318513,5.638295325387894
AyawasoEast,-0.20092944765298754,5.58912516247613
AyawasoCentral,-0.20118595113687304,5.574794902903513
AdaWest,0.48663225699414525,5.84359198439549
AyawasoNorth,-0.19307673739565867,5.607025197465736
AyawasoEast,-0.19738153934664485,5.5855281263781285
WeijaGbawe,-0.3584488364515448,5.531054292805896
GaCentral,-0.3117763441141526,5.605209036373158
WeijaGbawe,-0.31665939749947936,5.5871680834239426
Accra,-0.21015830009887823,5.535808457679719
AblekumaCentral,-0.2585268351836465,5.5481157518729685
GaEast,-0.2140432496592265,5.717750073582595
TemaWest,-0.06444876256072848,5.641429485227724
AdaEast,0.5668860953986068,5.861855081809038
La-Dade-Kotopon,-0.15923464159861353,5.618081844686841
Kpone-Katamanso,-0.09505689269057188,5.7284789099128135
Krowor,-0.07898115907492083,5.5898583524588465
TemaWest,-0.09779439238284102,5.635414986540173
AblekumaWest,-0.22728285923857325,5.5357030094813044
GaEast,-0.18885571073107424,5.759782428365565
GaNorth,-0.2740678570038143,5.7736184456183475
GaCentral,-0.3472998823623747,5.593458819047711
AblekumaWest,-0.2562537649228876,5.540089732326255
TemaWest,-0.057662902401993385,5.618967625086326
Accra,-0.2077791091982771,5.54447617131486
AblekumaNorth,-0.28143271857517993,5.575869191033815
GaNorth,-0.311052623529298,5.708702306375743
Ningo-Prampram,0.1508210937852223,5.73003908162665
WeijaGbawe,-0.3435471049252253,5.5925318343302735
Kpone-Katamanso,-0.11961326758367223,5.802782477291566
AyawasoCentral,-0.2035645789093273,5.58196979700678
Adenta,-0.08711298000613715,5.677121958930836
AblekumaNorth,-0.2700571668091174,5.579372559761884
La-Dade-Kotopon,-0.1701485788773335,5.612101988690717
GaNorth,-0.25388919234089496,5.7137234450603875
Krowor,-0.08248421232202535,5.5985119226211975
GaEast,-0.24312362002461488,5.6718839457794665
Ashaiman,-0.053850136935263755,5.6986675012326256
AyawasoCentral,-0.20501729328221557,5.5756899250261025
Tema,0.032396000457042766,5.656429101146238
Ashaiman,-0.04468594790256333,5.691453317001917
GaWest,-0.30759951703029476,5.654136497971256
AyawasoNorth,-0.20815602302667796,5.591470793104384
AdaEast,0.5003559656206209,5.958226407478732
GaCentral,-0.2774325905661644,5.634185627074886
Ashaiman,-0.05284980173449526,5.698559661294799
Ningo-Prampram,0.2301673344241471,5.766412472274608
AdaEast,0.5950870086721551,5.794563807775131
Kpone-Katamanso,-0.07703378497536892,5.850268790193948
GaNorth,-0.28884039240134435,5.781395054724629
Accra,-0.2184255937127138,5.55419976710194
GaWest,-0.39977764162836227,5.695074600715042
AyawasoEast,-0.18838521092705687,5.6039993537744355
GaCentral,-0.2978824225061239,5.590816410792477
GaEast,-0.1993816047908491,5.7543905818460255
Adenta,-0.14654410469507023,5.751851354138789
AblekumaNorth,-0.21640416147778188,5.598045481077893
Krowor,-0.07896049311346282,5.6009822566959855
AdaWest,0.4330902512284208,5.879600487765726
AblekumaWest,-0.23130867182230805,5.541067774348625
WeijaGbawe,-0.32580456417497533,5.592247772729028
La-Dade-Kotopon,-0.17518719400699215,5.619959078029651
GaCentral,-0.3295544848294339,5.623815222824073
AdaWest,0.45977635711107884,5.98390674292463
AyawasoEast,-0.19727660912655698,5.595259767559254
Accra,-0.2084022917067388,5.546718326060011
GaEast,-0.2340861308828241,5.73693382549936
AyawasoCentral,-0.20743278544922947,5.573292640692276
AdaWest,0.46667806933691586,5.996480493622979
La-Nkwantanang-Madina,-0.16628461143981263,5.795622774531013
Ledzokuku,-0.10254440661151956,5.591883969959391
AdaWest,0.4834835825209793,5.9478886983846815
Kpone-Katamanso,-0.026275109715659786,5.748610575500591
AblekumaWest,-0.23194081605229608,5.537825130147857
Ledzokuku,-0.0939631823630714,5.5913101798200495
Adenta,-0.12778565887693077,5.674102371971286
GaCentral,-0.35086847263990106,5.598087203386201
WeijaGbawe,-0.42349808876348144,5.6025462157833354
AyawasoNorth,-0.2131029497604461,5.598217939519184
GaWest,-0.29899611644873164,5.643083209093877
GaCentral,-0.30720901980132564,5.611595232354136
OkaikweiNorth,-0.22078141604913873,5.628032178789582
AdaWest,0.43198163898606823,5.9140064437179385
AyawasoNorth,-0.20798269089369437,5.600276781113793
La-Nkwantanang-Madina,-0.17409555900147825,5.729889193193522
TemaWest,-0.0731790466148099,5.639556865268625
TemaWest,-0.0645724521066047,5.61539306371709
GaEast,-0.1923937637857874,5.671936922727612
AblekumaNorth,-0.21627199053605492,5.5976535239886935
GaWest,-0.37776347684285005,5.752244062924363
ShaiOsudoku,0.05837097574593015,5.859030043422019
La-Dade-Kotopon,-0.173701849182989,5.5928537534781615
AyawasoWest,-0.18112506927596722,5.613047717488558
Tema,-0.026384918203990974,5.665628370352217
Ledzokuku,-0.12664519916138786,5.629696264240068
Tema,0.011000942183551358,5.666257647882509
ShaiOsudoku,0.029016252262730267,5.969075525996505
GaNorth,-0.2654287535219163,5.766075150540331
AblekumaWest,-0.23243670965903931,5.5308951326807465
GaCentral,-0.318316457999047,5.651571026998851
GaWest,-0.38675328726980795,5.750997876216618
WeijaGbawe,-0.3994680966873331,5.569985933742464
